Username,Name,Gender,Address,StateZip,Email,Sessions
allison57,Kyle Torres,M,"PSC 1119, Box 1130, APO AE 90028",01754,milleredwin@williams.com,18
hollysutton,Joseph Larsen,M,"44279 Travis Squares, Leeville, OH 63571",83318,blackwellbrianna@hubbard-simmons.org,11
csanchez,Harold Sanchez,M,"456 Steven Loop Apt. 257, Randallbury, AR 50325",02913,jeremykennedy@sparks.biz,13
gallagherjill,Tina Gamble,M,"85916 Gonzales Via Apt. 745, North Krystal, CO 68738",89730,thomaskristen@yahoo.com,5
jennifer52,Jill Zavala,M,"14766 Rodriguez Haven Suite 299, Raymondmouth, OR 80641",41628,emiller@hotmail.com,20
jonathanberger,Jamie Cardenas,F,"6568 Karen Park, Hammondberg, IL 26929",25030,michael76@gardner.com,7
darrenchung,Cassandra Cannon,M,"86650 Carla Locks, North Michelleside, IN 47522",02911,davisgabriella@thornton-martin.biz,16
tbarrett,Emily Harmon,M,"378 Dana Squares, East Christopher, SD 54896",33089,qryan@hotmail.com,12
schmidtrebecca,Pamela Jones,M,"8711 Bennett Pine Suite 072, South Miguel, CA 04489",19549,andrewsaaron@yahoo.com,2
fpaul,Debra Brennan,F,"347 Tracey Meadow Apt. 028, Kendraside, CA 85544",03890,johnrogers@peters-fisher.com,13
taylorfrank,Lori Richards,M,"352 Martinez Plain Apt. 426, West Christopher, DC 69996",99620,smithclaire@hotmail.com,13
mortiz,Benjamin Reyes,M,"231 Peterson Ports Suite 259, North Heather, MN 85989",68023,andrea36@yahoo.com,8
heatherfletcher,Jessica Walker,M,"333 Rachel Haven Apt. 266, Ericatown, MO 53073",08178,hectorwilliams@barnes.com,8
andersonrobert,Mrs. Kristin Johnston MD,F,"551 Beth Dam Apt. 549, Matthewborough, PA 53120",99699,megan16@hotmail.com,2
steinanna,Regina Barnett,M,"2008 Michael Drive, Lake Elizabeth, WV 32349",89406,sally71@yahoo.com,5
kevingarcia,Edward Swanson,M,"96597 Brandy Hollow Apt. 061, Watsonstad, NM 34509",40706,rachel53@white-wells.com,11
chad09,Leslie Hale,M,"10966 Miller Plains, Jasonland, HI 82433",58840,brandonray@hotmail.com,7
dproctor,Sandra Baker,M,"480 Crawford Valley, West Wendyton, CT 68101",83028,ahall@yahoo.com,5
sanchezmark,Aaron Adams,F,"533 Melanie Plains, South Tiffany, MS 22158",86325,julianbell@yahoo.com,9
seanjohnson,Jeffrey Perez,M,"293 Cindy Forge Apt. 478, Andreborough, MI 25865",17330,thomasmorrison@rocha-edwards.com,1
mpierce,Christina Petersen,M,"79917 Pierce Hill, Katelynport, KS 44292",72742,williamsonrobert@brown-williams.org,3
devon69,Brandy Martinez,F,"77554 Christopher Park, Wallsfort, NY 69678",28448,xperez@yahoo.com,3
pbecker,Timothy Buckley,M,"32303 Wagner Mill, Davisbury, MT 07450",57094,changjennifer@yahoo.com,2
nelsonashlee,Theodore Page,F,"856 Charles Knolls Suite 125, Lauraborough, NC 30871",98551,gaustin@hotmail.com,11
mark46,Michael Zavala,F,"Unit 7391 Box 2059, DPO AE 60930",97910,stonebenjamin@gmail.com,19
erichendricks,Jessica Burch,M,"8891 Karl Overpass Suite 139, Fraziertown, FL 37325",01892,griffinrhonda@simon.com,10
qfreeman,Timothy Huff,M,"4766 Brittany Springs, Rothtown, NC 46369",56228,fullermaria@trevino-graves.com,4
angelicavalenzuela,Christopher Bryant,F,"820 Dixon Key, New Dana, CO 38906",61481,lisa70@gmail.com,6
angel87,Edwin Perez,M,"85183 Murray Shores, Port Mark, MO 01746",02829,morrisonandrew@gmail.com,19
reynoldsjoseph,Melissa Ortega,F,"20350 Anderson Haven Suite 354, Jamietown, NH 36019",81412,amy66@yahoo.com,14
livingstonjennifer,Robert White,F,"628 Joshua Spring Apt. 189, New Victoria, MA 14286",87036,kaguilar@gmail.com,13
harrisjohnathan,Jill Davis,M,"2952 West Forges Apt. 519, Johnburgh, NM 75441",26550,miguel33@mcgee.com,19
katherinechapman,Patrick Davis,F,"Unit 6650 Box 5928, DPO AE 36262",54922,hmyers@hotmail.com,6
amber50,Stephanie Smith,M,"PSC 8266, Box 8933, APO AE 99294",92080,robertharris@gmail.com,3
jnewton,Jerry Harris,M,"1752 Fischer Trail Suite 670, South Jill, PA 68881",59235,jmccall@yahoo.com,15
jesserich,Robert Johnson,F,"14193 Sosa Spurs Suite 830, Murphytown, ID 95549",88113,wclark@collins.info,4
tracy76,Samantha Williams,F,"PSC 6464, Box 9584, APO AP 26886",24045,ydavis@yahoo.com,6
jyoung,Kathleen Wilson DDS,M,"5725 Ford Spring, West Laura, ME 63549",54049,alexander06@berry.com,14
juanparks,Ryan Campos,F,"5589 Andrew Forks, Port Kara, OH 12778",19757,xgomez@collins.biz,6
erodriguez,Jennifer Edwards,F,"52230 Murphy Park, South Marcusland, AL 08436",57415,jbennett@barrett.info,5
ysanchez,Joseph Hernandez,M,"99164 Peck Manor, Wilsonfurt, KY 42855",55487,eileenbrooks@bartlett.org,8
mjenkins,Dennis Baxter,F,"193 Hanna Dam Suite 543, Melissatown, LA 58311",68058,adrianwu@maddox.org,13
yjenkins,Rodney Duran,M,"8432 Johnson Springs Suite 123, Jamesmouth, KY 49529",57132,janetsimmons@hotmail.com,10
hbooth,Jason Anderson,F,"5288 Robert Gateway Apt. 632, West Jeffrey, NC 01132",02896,montoyanatalie@burton.com,5
edwardsmichelle,Albert Johnson,F,"2075 Janice Forest, East Brianhaven, OR 39741",47230,ehood@crane.com,18
yvonne58,Eric Butler,M,"70181 Villegas Key, East Matthewland, RI 15177",58558,kimberlyweaver@gmail.com,4
smccoy,Mrs. Amanda Garcia DDS,M,"21548 Martinez Squares, Williamsville, AZ 55770",26114,shawn19@perez-george.com,2
scottwong,Andrew Mason,F,"2677 Diane Ridge, East Michael, CA 22952",33798,gjohnson@williams-johnson.info,6
elizabethwilson,Leslie Stout,F,"1831 Brandt Parkways, West Manuelmouth, WA 39505",18978,jasonosborne@hotmail.com,17
kevin45,Mary Valenzuela,M,"595 Edwards Green, Gloriaborough, MO 58730",40731,crystal62@gmail.com,7
ctaylor,Richard Strickland,M,"46320 Jim Drive Suite 485, West Kimberlymouth, NC 49167",84331,michael37@hotmail.com,15
swoods,Lee Williams,M,"7778 Francis Coves Suite 457, Stacytown, GA 89122",59722,stevensdouglas@gmail.com,20
christopherbarr,Kenneth Snyder,F,"52232 Noah Orchard, Matthewberg, NV 36881",72066,bgraham@hotmail.com,16
kara80,Crystal Marquez,F,"9239 Laura Courts, Lake Jamesland, DE 42905",40066,jesseholt@yahoo.com,10
gilljamie,Karl Bray,F,"7784 Young Valleys, Kellyland, NJ 05900",97703,wayne08@roberts.com,16
jonathanguzman,Jeffrey Martinez,M,"304 Barnes Parks, Cindyborough, TN 42123",19935,lisa85@valdez-allen.com,9
oliverlisa,Taylor Peterson,M,"4842 Griffith Glens, New Justinstad, MO 82193",59080,michellemccall@harper.com,8
kurtmoyer,Michael Mills,F,"701 Debbie Meadow, West Margaret, WY 50838",99650,kimbailey@yahoo.com,2
fmoreno,Amanda Jackson,M,"0183 Hernandez Fields Suite 340, Adamsberg, NE 34381",73057,stanleymallory@carter-jones.com,16
mbauer,Andre Murphy,M,"984 Sanford Mews, New Angelaside, RI 64086",80406,ashleycase@hotmail.com,12
raydiaz,Briana Harvey,M,"29648 Heather Union, Floreschester, OR 21983",82134,erika13@gmail.com,10
glendasmith,Angela Stout,M,"559 Kara Court, Port Donald, HI 23044",96810,colemichael@yahoo.com,6
hanthony,Tara Townsend,F,"8483 Jesus Station, Port Kimberlyhaven, SC 89284",83624,susansmith@rice.com,12
ucarter,Joshua Butler,M,"75458 Ashley Ridges, Evelynhaven, HI 43762",18503,davisdavid@hotmail.com,1
awilliams,William Davenport,F,"97983 Matthew Branch, Brownbury, AK 29795",48759,james67@yahoo.com,4
hcarr,Stanley Jackson,M,"30712 Douglas Alley, Figueroamouth, CO 87839",83348,bentonchristine@yahoo.com,8
maxwell50,Jerry Perez,M,"3200 Jeremy Valleys, South Michaeltown, MD 64464",66271,jessicawilson@lopez-kirk.com,15
amanda55,Melanie Myers,F,"8568 Trevor Viaduct Apt. 241, Paynemouth, LA 98942",57663,smithmarissa@yahoo.com,2
davisjason,Carolyn Moore,F,"486 Mark Heights, Port Jacqueline, AZ 98454",05415,youngalexis@gmail.com,20
austin19,Linda Cruz,M,"906 Angelica Dam Suite 650, Melaniemouth, MA 70624",31961,eknapp@elliott.com,8
jrobinson,Stacey Black,F,"60387 Nicholas Camp, Meredithbury, IA 70089",27463,rwilliams@williams.net,20
mariahhudson,Cheryl Rodriguez,M,"120 Mackenzie Creek Apt. 592, South Carolstad, MA 59360",35165,debbie16@dennis.biz,8
steven65,Nathan Brown,M,"0957 Amber Tunnel Apt. 717, East Angela, WY 68769",56100,twood@dunn.com,18
janebarry,Ana Steele,F,"4509 Irwin Avenue Suite 023, North David, OH 47591",54951,shelly33@hotmail.com,15
brenda28,Shelby Smith,F,"9093 Walters Fork, Benjaminbury, HI 75256",48105,foxrobert@hotmail.com,14
whitetaylor,Joe Glenn,M,"76429 Smith Crossing Apt. 760, Lake Susan, ME 35032",57033,marissawatkins@yahoo.com,13
daniel99,Michele Lane,M,"8610 Sandra Park, North Joseph, MI 22377",78897,carriefletcher@middleton.com,19
andrewpham,Lisa Nelson,M,"74283 Garrett Avenue Apt. 044, Edwardchester, WA 25745",30338,jwilson@hall.net,2
sally00,Amy Green,M,"516 Smith Spurs, Lake Elizabeth, TN 69455",87213,pjames@gmail.com,3
desireesullivan,Jeffrey Mcintyre,M,"PSC 4740, Box 7983, APO AP 13292",38067,james95@yahoo.com,12
gregoryblack,Bill Wagner,M,"727 Rowe Vista Suite 216, West Micheleton, AR 81989",79761,hsmith@moore.com,7
burtonvictoria,Eric Hernandez II,M,"45368 Davis Trafficway Apt. 449, East Melanieton, NJ 70966",04199,lisawerner@yahoo.com,6
theresa24,Mr. Christopher Hernandez III,F,"862 Jeffrey Dale, South Sharonmouth, WV 77194",19744,sreed@hill.com,9
annaramirez,Kevin Padilla,F,"696 Andrea Mountain, Port Jayhaven, OR 34602",72134,hernandezphilip@hotmail.com,11
jennifer37,Michael Wise,F,"5989 Morris Avenue, Port Christopher, KS 46299",24858,geraldavery@gmail.com,12
milleraaron,Shawn Johnson,M,"9001 Tiffany Stravenue, South David, CT 90132",85807,omcclure@hoover.com,17
paynemelody,Sharon Castro,M,"92919 Steven Crossroad Apt. 768, East Jacob, IL 36065",07633,williampeterson@carter.com,12
edward83,Ms. Elizabeth Bush,M,"6699 Phillips Estates Suite 886, Pamelaside, RI 80542",29002,jasmineshelton@owens-price.com,5
elizabethlyons,Cindy Lee,F,"48227 Justin Road Suite 613, East Josephside, OR 27277",41170,woodpatricia@gmail.com,10
paul02,Matthew Harrell,F,"1085 Benson Square Suite 378, Audreyville, IA 55231",12059,geoffrey46@yahoo.com,14
christina55,Cindy Johnson,F,"5451 Dwayne Green Apt. 412, East James, AL 81615",99227,pgentry@yahoo.com,16
martinezmary,Teresa Gonzalez,M,"56083 Michele Street Suite 672, South Richardton, TN 86415",71620,jacksontimothy@gmail.com,6
jason96,Thomas Briggs,M,"65712 Duran Circle Apt. 802, Armstrongfurt, ID 35803",70861,fletchermichael@hotmail.com,2
mitchellwebb,Stacy Johnson,F,"28403 Walker Oval, Lake Natasha, WV 63999",54766,jennifer70@hotmail.com,12
janetschneider,Thomas Smith,M,"95566 Sarah Well Apt. 248, East Candace, RI 42194",27783,michaelcain@gmail.com,19
twilliamson,Zachary Patterson,F,"Unit 5665 Box 9729, DPO AE 90081",83812,harrisbrandon@hotmail.com,20
martinalyssa,Patrick Smith,F,"426 Cisneros Way Suite 909, New Marc, DE 55263",62043,baxternicholas@hotmail.com,12
wendypatterson,Frank Stewart,M,"535 Atkinson Plain, Jeffreymouth, DE 44386",64816,tcox@hotmail.com,17
patrickwilliam,Kristie Mosley,F,"6770 Bell Islands, Carrollport, CA 94977",28750,joseph24@hotmail.com,13
michaelgardner,Micheal Jones,M,"45744 Vasquez Lakes, Mariachester, DC 00747",57250,jamielutz@gmail.com,18
efrederick,Max Pham,M,"08916 Janet Lane, Brianview, CT 88132",05270,ewilliams@neal-young.com,16
tgutierrez,David Reid,M,"705 Robert Road Suite 465, New Desireehaven, ID 32501",38529,lynchsean@acosta.com,7
parksalison,Chelsea Hughes,M,"6579 Marshall Drives, East Kellyville, UT 43764",21149,susan65@yahoo.com,14
lopezmorgan,Courtney Zimmerman,F,"180 Courtney Circle Apt. 026, Elizabethmouth, OH 36681",96838,aviladavid@reynolds-dixon.info,4
david00,Mrs. Ashley Wright,F,"830 Thomas Green, Floresmouth, FL 59547",17767,rbrooks@yahoo.com,5
beckseth,Meredith Garcia,M,"PSC 9105, Box 0897, APO AP 04678",29680,kimberly80@trujillo.org,11
rachel83,Monique Bridges,F,"76137 Stephanie Throughway, Coxside, NE 69964",70163,scottthomas@yahoo.com,20
suzanne13,Mark Smith,F,"93812 Brittany Mission Suite 999, New Randall, KS 24074",48486,hawkinsrebekah@garner.com,12
sarawoods,Angela Elliott,F,"Unit 5721 Box 1617, DPO AE 19565",21554,aalexander@hotmail.com,15
evansteresa,William Moore,M,"764 Tanner Gardens Suite 531, Port Joseph, ID 10398",40907,tracymcdowell@armstrong.org,11
jenniferwilson,Gabrielle Spears,M,"USNV Lopez, FPO AE 43754",97870,dawn51@gmail.com,4
fhenry,Henry Long,M,"564 James Mountain, Lake Stephanie, IA 75540",02289,vbooth@taylor.com,1
brittany75,Kevin Anderson,F,"0301 Buchanan Brook, Phyllisfort, NV 81050",72041,jillwright@brady.biz,10
shannon41,Shannon Ray,M,"51250 Mason Islands, Newtonberg, MO 07049",89531,delgadojonathan@hotmail.com,7
edward78,Heather Fox,M,"4645 Robin Expressway Suite 273, North Nicolas, NY 66111",88968,kcampbell@yahoo.com,2
yolanda12,Deborah Dean,M,"3033 Emily Mount Suite 602, East Adam, ME 85089",87184,bmorris@stone.com,19
ksmith,Patricia Silva,F,"983 Newman Flats, North Raymondland, AZ 40084",88047,wisejeremy@gonzalez.org,17
robinsonmatthew,Mary Aguilar,F,"425 John Corner Apt. 697, Adkinsport, NV 64573",58246,katietaylor@johnson-richards.com,9
gabrielle87,Cheryl Elliott,M,"948 Barrett Tunnel Apt. 737, East Elizabethport, LA 19925",97851,stacey87@gmail.com,6
obell,Teresa Medina,M,"2310 Woods Common Apt. 368, Stoutmouth, CO 81359",51629,pollardchristine@guerra.com,18
josephsmith,Paul Barron,F,"871 Taylor Prairie Apt. 025, Stevensland, CO 41718",30015,jonesjamie@blanchard-boyd.net,18
laguirre,Tami Smith,M,"97292 Angela Roads, Hallside, TX 37395",57247,pamelaallen@hotmail.com,9
ryan44,Jennifer Prince,M,"434 Benjamin Cliff, Mariamouth, MD 36665",99720,suzannesanchez@gmail.com,8
williespence,Nicholas Reese,F,"75039 Joyce Passage, Laurahaven, MN 81781",97527,cscott@yahoo.com,5
tayloramanda,Jill Lynch,M,"7345 James Roads, Port Michelleport, CA 13411",02832,richardsonterri@gmail.com,14
williamrose,Craig Mitchell,M,"47547 Melissa Mill, Austinbury, PA 53241",54514,jenniferjackson@gmail.com,15
luis83,Raymond Acevedo,F,"PSC 3862, Box 1966, APO AP 79384",82760,csmith@yahoo.com,16
qschmidt,Justin Pierce,F,"40917 Mike Mountains Apt. 099, Meadowsville, DC 49259",93805,vmartin@campbell-garrett.biz,7
timothy49,Catherine Bailey,F,"8290 Fuller Cliff Apt. 895, East Paul, KY 44766",97483,sandersrichard@hotmail.com,1
simpsonjenna,Matthew Hogan,M,"70146 Joseph Mill, East Christinafort, NH 71735",39363,donnaeverett@hotmail.com,9
jessicagalvan,Victoria Bell,M,"010 Christian Mountain, Vanessaside, AL 84471",89876,kimberlybutler@yahoo.com,18
davidroberson,Kevin Robinson,M,"0947 Alexis Creek, West Nicole, ND 56966",42622,joantaylor@anderson-newton.com,8
michellecampbell,Aaron Martinez,M,"8745 Johnny Mount Suite 445, Raymondtown, PA 32903",43440,benjamin46@yahoo.com,10
peterjacobson,Christopher Moore,F,"473 Michele Creek, Kathyburgh, NE 47643",51950,kathy61@baxter.com,9
russellronald,Zachary Wilson,F,"048 Reginald Forge, West Zacharyport, MO 49534",37055,rickymedina@baker.biz,12
kayla26,Heather Taylor,F,"94905 Mack Viaduct Apt. 210, West Sethchester, FL 11414",96858,csmith@yahoo.com,2
charlotteriddle,Bonnie Burton,F,"425 Christopher Circles, Port Stevenfort, RI 87547",33400,harrisabigail@hotmail.com,16
kellymendoza,Mark Cooper,M,"47445 Rodgers Shores Apt. 996, Danielchester, OH 46613",13734,raymond76@gmail.com,12
jody72,Rebecca Johnson,F,"476 Gonzales Roads, Port Samuel, TX 24114",04019,crystalboyle@gmail.com,16
owensmolly,Andrew Young,F,"4740 Donna Place, Lanehaven, RI 09977",58842,mathewboone@gallegos.net,15
nicholsjulian,Joshua Conner,F,"65213 Wayne Terrace, South Matthew, UT 80841",68085,gthompson@walters-oneill.com,11
khansara,Erika Bradley MD,F,"70029 Karen Ferry Apt. 847, Teresastad, GA 69412",58208,marvin26@smith-leon.com,5
gibsontodd,Lauren Price,F,"0116 Diaz Lake, Melanieland, NH 95617",80976,pittmanmonica@hotmail.com,7
maryandrade,Joanna Torres,F,"906 Danielle Track, Lake Michaelside, MT 34557",41932,psuarez@acevedo-chandler.info,16
lori85,Sarah Gibson,M,"73897 Harris Park Apt. 407, Kristenstad, NV 02789",20029,patricia57@yahoo.com,9
plloyd,Deanna Valdez,F,"22477 Jaime Creek Suite 169, North Kimberlyport, PA 72090",80503,charleslang@clarke.com,5
smartinez,Kelly Watts,M,"10248 Dyer Port Apt. 368, Trujilloshire, VT 49664",64400,ashleysmith@yahoo.com,7
erik93,Katherine Young,M,"85416 Melanie Port, East Mark, SC 86074",70699,catherine30@cruz.info,10
charlespadilla,Jennifer Smith,M,"4457 Charles Ways Apt. 970, North Anthony, NJ 93194",97469,ebird@gmail.com,9
bcontreras,Janice Moran,F,"44492 Jill Vista, East Renee, NC 76410",87458,lrichards@adams.com,9
